Series Name,Series Code,Country Name,Country Code,1990 [YR1990],2000 [YR2000],2011 [YR2011],2012 [YR2012],2013 [YR2013],2014 [YR2014],2015 [YR2015],2016 [YR2016],2017 [YR2017],2018 [YR2018],2019 [YR2019],2020 [YR2020]
GDP (current US$),NY.GDP.MKTP.CD,Afghanistan,AFG,..,..,17804292964.1045,20001598505.7042,20561069558.2152,20484885119.7348,19907111418.9938,18017749073.6362,18869945678.4215,18353881129.5246,19291104007.6135,19807067268.1084
GDP (current US$),NY.GDP.MKTP.CD,Albania,ALB,2028553750,3480355188.60063,12890765324.2256,12319830252.4768,12776217194.7928,13228144008.3428,11386846319.1589,11861200797.4706,13019693450.8816,15147020535.3869,15286612572.6895,14799615097.1008
GDP (current US$),NY.GDP.MKTP.CD,Algeria,DZA,62048562947.2509,54790379458.8877,200013038488.906,209058991952.125,209755003250.664,213810023703.446,165979173991.026,160034162957.738,170097230857.956,175414987760.927,171157803367.473,145163902228.168
GDP (current US$),NY.GDP.MKTP.CD,American Samoa,ASM,..,..,570000000,640000000,638000000,643000000,673000000,671000000,612000000,641000000,638000000,..
GDP (current US$),NY.GDP.MKTP.CD,Andorra,AND,1029048481.88051,1429049198.45218,3629203786.19154,3188808942.56713,3193704343.20627,3271808157.30038,2789870187.50693,2896679211.86628,3000180750.11297,3218316013.22626,3155065487.51819,..
GDP (current US$),NY.GDP.MKTP.CD,Angola,AGO,11236275842.7358,9129634978.33773,111789686464.441,128052853643.106,136709862831.194,145712200312.505,116193649124.151,101123851090.455,122123822333.59,101353230784.594,89417190341.2533,62306913444.2917
GDP (current US$),NY.GDP.MKTP.CD,Antigua and Barbuda,ATG,459470370.37037,826370370.37037,1137637037.03704,1199948148.14815,1181448148.14815,1249733333.33333,1336692592.59259,1436585185.18519,1467977777.77778,1605351851.85185,1661962962.96296,1415059259.25926
GDP (current US$),NY.GDP.MKTP.CD,Argentina,ARG,141352368714.691,284203750000,530163281574.658,545982375701.128,552025140252.246,526319673731.638,594749285413.212,557531376217.967,643628665302.155,517626700412.885,445445177459.453,383066977653.56
GDP (current US$),NY.GDP.MKTP.CD,Armenia,ARM,2256838857.60997,1911563668.85006,10142111334.4961,10619320048.5857,11121465767.4067,11609512939.7542,10553337672.9872,10546135160.031,11527458565.7334,12457941907.0333,13672802157.8324,12645459213.5235
GDP (current US$),NY.GDP.MKTP.CD,Aruba,ABW,764887117.194486,1873452513.96648,2549720670.39106,2534636871.50838,2727849720.67039,2790849162.01117,2962905027.93296,2983636871.50838,3092430167.59777,3202188606.92893,..,..
GDP (current US$),NY.GDP.MKTP.CD,Australia,AUS,310781069642.17,415222633925.768,1396649906339.35,1546151783872.96,1576184467015.49,1467483705131.74,1351693984524.5,1208846993739.99,1329188475752.32,1432881172002.17,1396567014733.23,1330900925056.98
GDP (current US$),NY.GDP.MKTP.CD,Austria,AUT,166463386179.354,196799778883.361,431120310088.82,409425234155.263,430068712971.867,441996131736.508,381817565893.574,395568644341.038,416207272209.538,454872626780.005,445075391688.156,430947393757.511
GDP (current US$),NY.GDP.MKTP.CD,Azerbaijan,AZE,..,5272798390.70183,65951627200.2026,69683935845.2139,74164435946.4627,75244294275.1498,53074370486.0433,37867518957.1975,40865558912.3867,47112941176.4706,48174235294.1176,42607176470.5882
GDP (current US$),NY.GDP.MKTP.CD,"Bahamas, The",BHS,3166000000,8076470000,10070450000,10720500000,10568400000,11111600000,11710800000,11928500000,12490700000,13022100000,13578800000,11250000000
GDP (current US$),NY.GDP.MKTP.CD,Bahrain,BHR,4229787234.04255,9062898936.17021,28776595744.6809,30749308510.6383,32539468085.1064,33387712765.9574,31050638297.8723,32234973404.2553,35473776595.7447,37652500000,38474521276.5957,..
GDP (current US$),NY.GDP.MKTP.CD,Bangladesh,BGD,31598341233.559,53369787318.6245,128637938711.386,133355749482.478,149990451022.29,172885454931.453,195078678697.23,221415188000.475,249710922462.309,274038973437.275,302563398919.928,324239176765.053
GDP (current US$),NY.GDP.MKTP.CD,Barbados,BRB,2012131457.26644,3059500000,4657500000,4610000000,4677000000,4696500000,4715000000,4830000000,4978000000,5086500000,5209000000,4365500000
GDP (current US$),NY.GDP.MKTP.CD,Belarus,BLR,21650000000,12738912133.8912,61757788944.7236,65685102554.8759,75527984234.2342,78813839984.3506,56454734396.5842,47722657820.6675,54726595249.1849,60031262269.3365,64409647193.8044,60258239055.5829
GDP (current US$),NY.GDP.MKTP.CD,Belgium,BEL,205331747947.851,236204532891.1,522645519183.591,496181260258.3,521642714407.843,534678075827.361,462149679343.822,475739588764.759,501522868356.441,543410654016.602,533254518108.234,515332499627.861
GDP (current US$),NY.GDP.MKTP.CD,Belize,BLZ,412086445.492176,832072464.652775,1460797903.23406,1522897506.07849,1579411253.00514,1667335060.96064,1721700991.46912,1789304087.78561,1858529676.71857,1915899786.96407,1982518540.6134,1763696118.9519
GDP (current US$),NY.GDP.MKTP.CD,Benin,BEN,1959965243.76269,3519991440.3235,10693321370.036,11141358105.9853,12517845127.6775,13284527850.2632,11388160997.1089,11821065852.1271,12701655845.9612,14250987026.0533,14391686309.033,15651545208.8783
GDP (current US$),NY.GDP.MKTP.CD,Bermuda,BMU,1592400000,3480219000,6312691000,6378188000,6465756000,6413988000,6654541000,6899911000,7142316000,7224329000,7484113000,..
GDP (current US$),NY.GDP.MKTP.CD,Bhutan,BTN,287658184.003989,424464089.897641,1777101316.67756,1781281281.57912,1756215665.09323,1907090813.45906,2003598212.99135,2158972129.00307,2450364928.07302,2446866404.93058,2530547157.56678,2409262838.21987
GDP (current US$),NY.GDP.MKTP.CD,Bolivia,BOL,4867582620.20708,8397912509.09679,23963033429.4364,27084497481.9103,30659338885.6729,32996188017.3661,33000198248.9146,33941126193.9219,37508642170.767,40287647930.5355,40895322850.9407,36688861202.6049
GDP (current US$),NY.GDP.MKTP.CD,Bosnia and Herzegovina,BIH,..,5505887894.48893,18644723860.9709,17226849297.07,18178503835.4491,18558343508.3435,16211541820.2438,16913330693.9653,18080118128.3854,20183510561.2553,20202479537.5193,19788422248.1072
GDP (current US$),NY.GDP.MKTP.CD,Botswana,BWA,3790567051.86778,5788329609.15755,15351972361.1477,14380004175.1194,14901750991.2012,16250781586.6579,14420593484.0557,15646354089.458,17405588070.4332,18663265549.0196,18362348887.5873,15781732825.8934
GDP (current US$),NY.GDP.MKTP.CD,Brazil,BRA,461951782000,655420645476.906,2616200980392.16,2465188674415.03,2472806919901.67,2455993625159.37,1802214373741.32,1795700168991.49,2063507864886.88,1916947014067.55,1877810514260.36,1444733258971.65
GDP (current US$),NY.GDP.MKTP.CD,British Virgin Islands,VGB,..,..,..,..,..,..,..,..,..,..,..,..
GDP (current US$),NY.GDP.MKTP.CD,Brunei Darussalam,BRN,3520551724.13793,6001153306.2645,18525319977.7407,19047940300.8963,18093829923.2737,17098342541.4365,12930394937.8137,11400854267.7188,12128104859.1498,13567351175.0315,13469422941.3919,12016056665.3473
GDP (current US$),NY.GDP.MKTP.CD,Bulgaria,BGR,20632090909.0909,13245833843.5454,57386216850.3377,54033250328.5151,55615397665.5809,56901994980.3283,50647442756.7445,53806894796.3801,58971520599.2509,66230155099.5775,68558815111.6199,69105101089.5531
GDP (current US$),NY.GDP.MKTP.CD,Burkina Faso,BFA,3101300641.87512,2968369991.46729,12080296644.0643,12561016091.4673,13444301139.1384,13943016923.9017,11832159275.603,12833363370.174,14106956830.0857,16059910870.6239,15990803569.9961,17369059295.2226
GDP (current US$),NY.GDP.MKTP.CD,Burundi,BDI,1132101252.51817,870486065.883137,2235820808.72913,2333308059.02403,2451625280.19537,2705783330.38791,3104394792.28413,2959641046.92291,3172292379.36329,3036937141.27062,3012308945.62671,3258187232.63159
GDP (current US$),NY.GDP.MKTP.CD,Cabo Verde,CPV,306891107.262039,539227277.626411,1865915544.12445,1741809808.96442,1850470042.43281,1859898513.26858,1596800287.16405,1662998677.88425,1769787215.42141,1966983316.32593,1981845740.70615,1703698676.69742
GDP (current US$),NY.GDP.MKTP.CD,Cambodia,KHM,..,3654031716.27649,12829541141.0175,14054443213.4731,15227991395.2235,16702610842.4106,18049954289.4301,20016747754.0153,22177200511.5882,24571753583.504,27089389786.9684,25291251427.3979
GDP (current US$),NY.GDP.MKTP.CD,Cameroon,CMR,12314482085.0878,10109045070.7398,29375448542.4466,29102772799.0038,32357345500.9885,34989493826.2179,30928653813.8538,32643697595.8378,35009262788.15,38694156862.9922,39007354359.2798,39802147568.2174
GDP (current US$),NY.GDP.MKTP.CD,Canada,CAN,593929550908.468,744773415931.587,1793326630174.52,1828366481521.6,1846597421834.98,1805749878439.94,1556508816217.14,1527994741907.43,1649265644244.09,1721853332869.63,1741576393905.98,1644037286481.26
GDP (current US$),NY.GDP.MKTP.CD,Cayman Islands,CYM,..,..,4186223808.95236,4291159006.36025,4405954638.18553,4563017880.71523,4708336733.46934,4909498979.9592,5166467298.69195,5522625585.0234,5935769350.77403,..
GDP (current US$),NY.GDP.MKTP.CD,Central African Republic,CAF,1440711395.67069,914500299.097034,2437982706.57518,2510126509.99477,1691544110.69163,1894813389.88179,1695825714.24273,1825018144.46194,2072349974.15257,2220979144.52018,2220307318.74886,2303078337.57431
GDP (current US$),NY.GDP.MKTP.CD,Chad,TCD,1738605558.05432,1388506726.62093,12172309522.6171,12367363677.6199,12953535495.8781,13940768065.6063,10950392219.9104,10097778353.7651,10000395242.1457,11239167048.4916,11314951342.7807,10093118570.2918
GDP (current US$),NY.GDP.MKTP.CD,Channel Islands,CHI,..,6439703434.71024,..,..,..,..,..,..,..,..,..,..
GDP (current US$),NY.GDP.MKTP.CD,Chile,CHL,33113887817.9731,77860932151.8471,252251992029.442,267122320056.702,278384332694.359,260541637327.864,243919079437.373,250440149690.889,277034675515.671,297571693064.212,279385487344.526,252940023046.011
GDP (current US$),NY.GDP.MKTP.CD,China,CHN,360857912565.966,1211346869600.41,7551500124197.17,8532229986993.65,9570406235659.64,10475682920597.7,11061553079871.5,11233276536744.7,12310409370894.2,13894817549380.3,14279937467431,14722730697890.1
GDP (current US$),NY.GDP.MKTP.CD,Colombia,COL,47844090709.9908,99886577330.7271,334943871931.745,370921320483.841,382116126448.554,381112119657.445,293481748240.779,282825009887.458,311883730690.129,334198214706.209,323429888934.257,271346896626.418
GDP (current US$),NY.GDP.MKTP.CD,Comoros,COM,429622147.743446,351136568.441921,1023086272.69622,1015843491.24635,1116224107.17116,1149587659.74502,966029599.801228,1012835492.51575,1077439756.12221,1178530633.81547,1165839899.80269,1219690024.50287
GDP (current US$),NY.GDP.MKTP.CD,"Congo, Dem. Rep.",COD,9349764580.36998,19088046305.7971,25839749198.8233,29306235826.3885,32679745297.6453,35909040265.9328,37917704900.0794,37134799974.5225,38019265625.8845,46831342212.5473,50400746171.4239,49868970641.1062
GDP (current US$),NY.GDP.MKTP.CD,"Congo, Rep.",COG,2798746050.58228,3227927593.04316,15634897272.7645,17693924573.2499,17953617927.2933,17889079957.9301,11885478502.053,10158508345.3104,11109029840.2479,13642740884.1356,12693562947.7856,10884686142.6442
GDP (current US$),NY.GDP.MKTP.CD,Costa Rica,CRI,5711687786.75989,15013629665.1416,42762617081.6522,47231651864.8284,50949672205.9168,52016408950.8936,56441917652.9812,58847016044.7363,60516043590.1832,62335931464.4979,63951114302.2599,61520669890.4037
GDP (current US$),NY.GDP.MKTP.CD,Cote d'Ivoire,CIV,10795850106.9547,10743706069.2079,25414875503.0784,26789047554.5988,31273074527.6975,35363533865.7271,45814637971.4745,47964234560.0514,51588158717.5348,58011466450.8643,58539424929.7248,61348579465.1017
GDP (current US$),NY.GDP.MKTP.CD,Croatia,HRV,..,21633759450.7898,62537851352.4904,56580819623.8529,58194069434.1423,57639588805.5871,49525747503.8149,51601147665.8089,55481644098.0495,61375222347.0256,60752588976.3175,55966581780.1688
GDP (current US$),NY.GDP.MKTP.CD,Cuba,CUB,28645436569.1489,30565400000,68990000000,73141000000,77148000000,80656000000,87133000000,91370000000,96851000000,100050000000,103131000000,..
GDP (current US$),NY.GDP.MKTP.CD,Curacao,CUW,..,..,3038699608.93855,3131096089.38547,3147616201.11732,3158406033.51955,3151910782.1229,3122287932.96089,3116610111.73184,3127908044.69274,3101787709.49721,..
GDP (current US$),NY.GDP.MKTP.CD,Cyprus,CYP,5591130217.66965,9985844486.33365,27565469097.9955,24978513426.6992,23900872625.8467,23156850006.6427,19842404304.8929,20953442550.3653,22729184365.1152,25309818138.8758,24949065263.6292,23804340376.9275
GDP (current US$),NY.GDP.MKTP.CD,Czech Republic,CZE,40728950704.6176,61828166496.0941,229562733398.948,208857719320.649,211685616592.931,209358834156.329,188033050459.881,196272068576.338,218628940951.675,248950103352.137,252498032247.163,245349489988.26
GDP (current US$),NY.GDP.MKTP.CD,Denmark,DNK,138247285815.855,164158739097.623,344003137611.271,327148943812.137,343584391647.927,352993631617.708,302673070846.857,313115929314.339,332121063806.391,356841216410.068,347561349210.979,356084867685.639
GDP (current US$),NY.GDP.MKTP.CD,Djibouti,DJI,452328087.282876,551230861.856505,1239144501.77525,1353632941.5207,2042817162.85639,2214681573.56933,2430287967.02678,2603554906.59464,2751461055.59307,3012820409.63313,3324634256.13324,3384404260.07202
GDP (current US$),NY.GDP.MKTP.CD,Dominica,DMA,201429629.62963,333470370.37037,501025925.925926,485996296.296296,498296296.296296,520207407.407407,540737037.037037,576229629.62963,519837037.037037,551074074.074074,574607407.407407,469870370.37037
GDP (current US$),NY.GDP.MKTP.CD,Dominican Republic,DOM,7073675544.80847,24305717541.6371,58029750745.6495,60681537195.7996,62682163837.347,67179914026.9623,71164825256.6849,75704720189.5607,79997975621.8654,85555378042.8196,88941299733.5018,78844702329.0785
GDP (current US$),NY.GDP.MKTP.CD,Ecuador,ECU,15239278100.3502,18327764882.4412,79276664000,87924544000,95129659000,101726331000,99290381000,99937696000,104295862000,107562008000,108108009000,98808010000
GDP (current US$),NY.GDP.MKTP.CD,"Egypt, Arab Rep.",EGY,42978914311.3504,99838543960.0763,235989672977.625,279116666666.667,288434108527.132,305595408895.265,329366576819.407,332441717791.411,235733695652.174,249712999437.254,303080865603.645,363069245165.315
GDP (current US$),NY.GDP.MKTP.CD,El Salvador,SLV,4817542204.02673,11784927700,20283790000,21386150000,21990970000,22593460000,23438240000,24191430000,24979200000,26020850000,26896660000,24638720000
GDP (current US$),NY.GDP.MKTP.CD,Equatorial Guinea,GNQ,112119406.548331,1045998496.43872,21357343681.8966,22388344123.9916,21948834290.3538,21765453087.4795,13185496881.4055,11240808846.6928,12200913887.6419,13097012189.3995,11417278044.9859,10021856754.4944
GDP (current US$),NY.GDP.MKTP.CD,Eritrea,ERI,..,706370815.584416,2065001626.01626,..,..,..,..,..,..,..,..,..
GDP (current US$),NY.GDP.MKTP.CD,Estonia,EST,..,5686579747.53524,23183616045.5168,23020466784.6112,25108615091.9884,26598657880.5486,22881558191.8523,24056487770.898,26857880621.935,30474612057.4484,31045591753.4901,30650285471.7215
GDP (current US$),NY.GDP.MKTP.CD,Eswatini,SWZ,1114703088.1614,1738100853.05052,4820499497.32134,4886658806.33374,4597702903.12892,4422304974.7989,4062660889.82685,3816018484.52711,4402972999.53486,4665424249.06156,4471598726.6436,3962493092.99308
GDP (current US$),NY.GDP.MKTP.CD,Ethiopia,ETH,12175166763.285,8242392103.68061,31952763089.33,43310721414.0829,47648211133.2183,55612228233.5179,64589334978.8013,74296618481.0882,81770791970.982,84269348327.3454,95912590628.1412,107645054311.876
GDP (current US$),NY.GDP.MKTP.CD,Faroe Islands,FRO,..,1058702725.4395,2490807830.57351,2366301251.61847,2627049837.08135,2850743875.2784,2518096285.61661,2738832687.13698,2899226097.62377,3051341335.9516,3126293219.77989,..
GDP (current US$),NY.GDP.MKTP.CD,Fiji,FJI,1337024782.22702,1678239218.26553,3774530615.65916,3972012570.53467,4190143206.25611,4856963229.83999,4682546863.08162,4930204229.72263,5353404422.08138,5581393120.62853,5496250694.31587,4376014755.57615
GDP (current US$),NY.GDP.MKTP.CD,Finland,FIN,141438345513.917,125706651925.557,275243697751.011,258304834621.605,271285280621.373,274497230802.958,234440080998.273,240607907010.383,255016517537.983,275580448365.235,268782471380.392,269751312854.475
GDP (current US$),NY.GDP.MKTP.CD,France,FRA,1269179616913.63,1362248940482.77,2861408170264.6,2683825225092.63,2811077725703.59,2852165760630.27,2438207896251.84,2471285607081.72,2588740901639.81,2789593979064.58,2728870246705.88,2630317731455.26
GDP (current US$),NY.GDP.MKTP.CD,French Polynesia,PYF,3181206304.81549,3447543137.9415,..,..,..,..,..,..,..,..,..,..
GDP (current US$),NY.GDP.MKTP.CD,Gabon,GAB,5952293765.84468,5080483463.99928,18210308748.2912,17170465294.0332,17595745653.3676,18203968001.8908,14383107714.0388,14023890620.3384,14929488770.7315,16862282413.8778,16874450215.1351,15593181270.9135
GDP (current US$),NY.GDP.MKTP.CD,"Gambia, The",GMB,317083373.524559,782915402.421095,1409694553.90934,1415006238.09509,1375608956.10386,1229460601.92174,1378176868.31568,1484579844.37143,1504909753.28746,1670670668.5939,1826073739.82522,1901930157.64528
GDP (current US$),NY.GDP.MKTP.CD,Georgia,GEO,7753540783.62452,3057475335.18846,15107441446.7833,16488403076.3641,17189551520.9811,17627003454.7205,14953950557.4406,15141758566.7808,16242916915.7203,17599700090.762,17477255562.2583,15891688903.1843
GDP (current US$),NY.GDP.MKTP.CD,Germany,DEU,1771671206875.68,1943145384190.16,3744408602683.94,3527344944139.83,3732743446218.92,3883920155292.26,3356235704119.75,3467498002104.33,3681732583768.5,3975347237442.99,3888326788627.44,3846413928653.71
GDP (current US$),NY.GDP.MKTP.CD,Ghana,GHA,5889174825.487,4983024408.14828,39337314809.9434,41270954737.2459,62823043699.2187,51717482623.9132,47498906691.6182,54499451834.1061,58845211998.3455,65315955122.8077,67234292582.7606,72354428864.9032
GDP (current US$),NY.GDP.MKTP.CD,Gibraltar,GIB,..,..,..,..,..,..,..,..,..,..,..,..
GDP (current US$),NY.GDP.MKTP.CD,Greece,GRC,97891092003.4394,130133845586.88,282625610892.477,242053529231.146,238484046041.178,235295470067.176,195317994377.197,192732474229.218,199630819054.302,212146107548.996,205326724570.227,189410106620.016
GDP (current US$),NY.GDP.MKTP.CD,Greenland,GRL,1018970364.86443,1068030829.75591,2684467375.71479,2609667673.71601,2684952726.88425,2842048997.77283,2499115623.00272,2707146783.13056,2826651925.66902,3051626389.63671,..,..
GDP (current US$),NY.GDP.MKTP.CD,Grenada,GRD,278098762.962963,520044370.37037,778655925.925926,799882259.259259,842620111.111111,911497407.407407,997007925.925926,1061631222.22222,1125685185.18519,1168696296.2963,1211403703.7037,1089203703.7037
GDP (current US$),NY.GDP.MKTP.CD,Guam,GUM,..,..,4984000000,5265000000,5399000000,5610000000,5799000000,5901000000,6013000000,6051000000,6311000000,..
GDP (current US$),NY.GDP.MKTP.CD,Guatemala,GTM,7650125217.35253,19288827158.9035,46876114650.4996,49593961141.7484,52996540703.5943,57852399963.7878,62186186575.7433,66053725049.0138,71654134378.5299,73208583758.9105,77020015201.3201,77604632170.5853
GDP (current US$),NY.GDP.MKTP.CD,Guinea,GIN,2666750685.8495,2995361140.63217,6785137172.76517,7638045254.43072,8376613843.27475,8778473614.54971,8794202443.67754,8595955581.21266,10324668266.595,11857030336.5274,13513809258.2083,15681050917.1588
GDP (current US$),NY.GDP.MKTP.CD,Guinea-Bissau,GNB,243961995.509785,371095510.047761,1099818651.98114,989271229.637162,1046087417.96916,1054915645.19654,1048229629.42039,1179004941.22904,1350177127.5523,1504630120.99275,1439638443.38133,1431758242.90375
GDP (current US$),NY.GDP.MKTP.CD,Guyana,GUY,396582263.291139,712667896.727512,3691384743.32286,4063090016.16068,4167801802.7918,4127664335.82693,4279840361.68334,4482697336.56174,4748174334.19019,4787635821.46116,5173759527.50705,5471256594.72422
GDP (current US$),NY.GDP.MKTP.CD,Haiti,HTI,3096289800,6868666119.64488,13008748131.675,13708931889.7884,14498080022.6317,14790765759.5274,14857386163.9184,13723267960.8434,14213814582.7938,15965670198.4548,14332163266.3977,13417997065.1099
GDP (current US$),NY.GDP.MKTP.CD,Honduras,HND,4923009551.51561,7186650135.43927,17710315005.9999,18528601901.324,18499710127.8385,19756494434.7031,20979767785.2104,21717622071.3816,23136232229.6069,24067778953.842,25089976946.7736,23827840809.7014
GDP (current US$),NY.GDP.MKTP.CD,"Hong Kong SAR, China",HKG,76928290841.8701,171668164082.555,248513617677.287,262629441493.476,275696879834.966,291459356985.337,309383627028.561,320837638328.846,341244161576.759,361691522612.745,363016373358.517,346585881503.635
GDP (current US$),NY.GDP.MKTP.CD,Hungary,HUN,..,47218405892.4258,141759722464.002,128475498380.379,135411698965.109,140765018880.633,125074286021.14,128470534117.954,142961605733.026,160431092908.646,163503650313.081,155012927629.087
GDP (current US$),NY.GDP.MKTP.CD,Iceland,ISL,6468736286.92707,9025660361.75842,15221622925.9319,14751508133.5443,16125060515.3117,17867662177.8911,17517210519.0912,20793168030.9524,24728285177.4603,26267063757.5495,24857740445.0401,21718075725.2054
GDP (current US$),NY.GDP.MKTP.CD,India,IND,320979026419.633,468394937262.37,1823049927772.05,1827637859136.23,1856722121394.42,2039127446299.3,2103587813812.2,2294797980509.51,2651472946375.05,2701111782774.57,2870504096717.48,2622983732006.45
GDP (current US$),NY.GDP.MKTP.CD,Indonesia,IDN,106140727357.032,165021012077.81,892969107923.094,917869910105.749,912524136718.018,890814755233.225,860854235065.079,931877364177.742,1015618742565.81,1042271531011.99,1119091259074.62,1058423838345.14
GDP (current US$),NY.GDP.MKTP.CD,"Iran, Islamic Rep.",IRN,124813263926.225,109591707802.216,580764902917.439,598868460912.847,460293149324.326,432687036177.818,384951479697.42,417983583565.54,445345256459.105,294356680624.658,258245497664.394,191718271483.759
GDP (current US$),NY.GDP.MKTP.CD,Iraq,IRQ,180408064516.129,48364250943.9051,185749664444.444,218002481737.691,234637675128.645,228415656174.957,166774109673.732,166602488747.885,190643898226.351,212271807144.367,222434137055.838,167224432560.319
GDP (current US$),NY.GDP.MKTP.CD,Ireland,IRL,49305632408.4929,99958806891.4686,238662833333.918,225509709550.982,238211547205.677,258625192663.58,291462799328.949,298725229419.215,334602299873.029,384853685231.018,399122063504.148,425888950992.003
GDP (current US$),NY.GDP.MKTP.CD,Isle of Man,IMN,..,1563667799.61578,6566098381.6696,6690725118.48341,7000748788.49461,7708834951.45631,7085288006.11154,6846691871.45558,6979581724.58172,7491969312.87525,..,..
GDP (current US$),NY.GDP.MKTP.CD,Israel,ISR,..,132705321658.941,261013927690.223,257173086463.689,292692657451.921,310047504908.571,300122499721.281,318616506157.945,352667925811.028,370455651179.958,394652208893.138,401953767072.801
GDP (current US$),NY.GDP.MKTP.CD,Italy,ITA,1181222653522.95,1143829832319.88,2291991045770.29,2087077032435.15,2141315327318.21,2159133919743.77,1835899237320.04,1875797463583.87,1956950469673.29,2091117091124.1,2004913357800,1886445268340.71
GDP (current US$),NY.GDP.MKTP.CD,Jamaica,JAM,4592224067.37194,9005064474.93003,14444655299.8772,14807086889.2099,14264202737.3082,13899228824.2161,14188935947.5694,14077109396.8584,14808989993.3185,15730793852.7913,15830768549.8916,13812421803.4084
GDP (current US$),NY.GDP.MKTP.CD,Japan,JPN,3132817652848.04,4968359075956.59,6233147172341.35,6272362996105.03,5212328181166.18,4896994405353.29,4444930651964.18,5003677627544.24,4930837369151.42,5036891740656.35,5148781948478.17,4975415241562.52
GDP (current US$),NY.GDP.MKTP.CD,Jordan,JOR,4160003917.43258,8460424400.56418,29524149154.9296,31634561690.1408,34454440140.8451,36847643521.1268,38587017887.3239,39892551126.7606,41408960845.0704,42932112676.0563,44502895915.493,43697659275.3137
GDP (current US$),NY.GDP.MKTP.CD,Kazakhstan,KAZ,26932729102.7371,18291994909.0044,192626507971.584,207998568865.789,236634552078.102,221415572819.5,184388432148.715,137278320084.171,166805800595.704,179339994859.384,181667190075.541,169835426427.153
GDP (current US$),NY.GDP.MKTP.CD,Kenya,KEN,8572359162.85631,12705357103.0056,41953433591.4101,50412754861.0191,55096728047.9408,61448046801.6041,64007750169.3344,69188755364.2995,78965004656.1823,87778582964.1388,95503088538.092,98842939649.1149
GDP (current US$),NY.GDP.MKTP.CD,Kiribati,KIR,39809538.6776989,67254174.3970315,181705002.578649,190243321.598675,185113921.606488,179703443.302686,171117872.436331,178328873.030033,187276210.91355,196737895.995218,194647201.946472,199573325.992705
GDP (current US$),NY.GDP.MKTP.CD,"Korea, Dem. People's Rep.",PRK,..,..,..,..,..,..,..,..,..,..,..,..
GDP (current US$),NY.GDP.MKTP.CD,"Korea, Rep.",KOR,283367525714.932,576178114168.494,1253223044718.99,1278427634342.59,1370795199976.18,1484318219633.63,1465773245547.15,1500111596236.37,1623901496835.79,1724845615629.26,1646739219509.89,1630525005469.11
GDP (current US$),NY.GDP.MKTP.CD,Kosovo,XKX,..,1849196082.05507,6701698218.26281,6499807272.26005,7074777526.896,7396705194.63266,6442915788.30578,6719172016.82533,7245707184.81699,7942961738.30893,7953156068.06986,7611402165.24217
GDP (current US$),NY.GDP.MKTP.CD,Kuwait,KWT,18427777777.7778,37712842242.5033,154068115942.029,174070382279.385,174161142454.161,162631412508.784,114567298105.683,109419728566.7,120707435412.358,138182400493.585,136196760180.976,..
GDP (current US$),NY.GDP.MKTP.CD,Kyrgyz Republic,KGZ,2675000000,1369688498.06778,6197766118.59856,6605139933.41063,7335027591.91628,7468096566.71158,6678178340.45121,6813092065.83507,7702934800.12836,8271106196.04265,8871019822.76703,7735976612.64163
GDP (current US$),NY.GDP.MKTP.CD,Lao PDR,LAO,865559856.1639,1731198022.45494,8749241114.18913,10191350119.6808,11942230508.334,13268458231.9284,14390442307.3996,15805692545.8723,16853087485.4118,17953786416.1431,18245925331.2396,19136194848.6534
GDP (current US$),NY.GDP.MKTP.CD,Latvia,LVA,..,7949253765.93279,28374734038.0031,28324787663.6545,30436727789.4364,31329367172.7409,27239653843.5022,28052325862.0461,30383528686.2906,34399206589.8596,34055464655.3254,33505185228.7067
GDP (current US$),NY.GDP.MKTP.CD,Lebanon,LBN,2838485353.96187,17260364842.4544,39927125961.194,44035991745.6716,46909335135.1244,48134486624.6103,49939374832.7031,51205122503.8143,53140638269.1211,54961275741.5589,51991634491.6345,33383246857.58
GDP (current US$),NY.GDP.MKTP.CD,Lesotho,LSO,596415104.549144,887295267.875155,2579421686.24912,2477702252.80078,2367113170.00373,2441053175.70743,2359759799.04224,2114323793.98266,2306843528.52853,2514146887.91664,2366213068.57507,1844510137.67817
GDP (current US$),NY.GDP.MKTP.CD,Liberia,LBR,..,874000000,2398000000,2721000000,3067000000,3144000000,3177000000,3277826000,3285455000,3264000000,3070518100,2950000000
GDP (current US$),NY.GDP.MKTP.CD,Libya,LBY,28901836158.1921,38270206950.41,34699395523.6073,81873662518.8238,65502870173.7831,41142722414.3351,27842131479.8726,26197143268.1243,37883243650.452,52607888717.9487,52091152228.3425,25418461532.2008
GDP (current US$),NY.GDP.MKTP.CD,Liechtenstein,LIE,1421466239.56234,2483953102.79488,5739977477.47748,5456009384.66461,6391735893.83968,6657170923.37918,6268391521.19701,6237264055.20601,6474256118.61481,6839145106.86164,..,..
GDP (current US$),NY.GDP.MKTP.CD,Lithuania,LTU,..,11524776866.6379,43535051482.3869,42927454291.478,46523420074.4372,48533659592.1728,41418872976.1196,43018087237.5741,47640770634.427,53696648755.4347,54639938780.2352,55887271833.0025
GDP (current US$),NY.GDP.MKTP.CD,Luxembourg,LUX,13229247947.8513,21263514833.2412,60004630234.4135,56677961787.0717,61739352212.3049,66103853236.7572,57744457954.7297,60691483443.1221,64023412339.7075,70885325883.0941,71104919108.1411,73263982103.0119
GDP (current US$),NY.GDP.MKTP.CD,"Macao SAR, China",MAC,3246477995.26244,6774193548.3871,36845925519.4433,43189526777.5567,51536304807.6803,54903031137.7096,45060237946.149,45085114632.7125,50456765512.0857,55302446577.8879,55153707948.7021,..
GDP (current US$),NY.GDP.MKTP.CD,Madagascar,MDG,3931334870.74964,4629247090.97816,11551821062.3334,11578978052.8789,12423557906.9182,12522959157.2295,11323023786.5698,11848615018.398,13176313233.1978,13614412550.8722,14191911512.041,13720634105.403
GDP (current US$),NY.GDP.MKTP.CD,Malawi,MWI,1880771556.30474,1743506531.32652,8004000737.30717,6028487928.83351,5518880768.57955,6047813437.31804,6373212640.84604,5433040159.88747,8787570920.44408,9712994564.91596,10862613621.906,11961848552.5977
GDP (current US$),NY.GDP.MKTP.CD,Malaysia,MYS,44024178343.0071,93789736842.1053,297951960784.314,314443149443.149,323277158906.979,338061963396.376,301354803994.367,301255380276.258,319112136545.438,358715057123.739,364681367531.684,336664444247.042
GDP (current US$),NY.GDP.MKTP.CD,Maldives,MDV,215089005.235602,624337145.284622,2774351760.03287,2886170571.69634,3295011381.75405,3697351596.83753,4109447297.00709,4379115587.82957,4754352303.8929,5299773143.69623,5642179170.45898,4030203166.77482
GDP (current US$),NY.GDP.MKTP.CD,Mali,MLI,2681912030.49384,2961484857.95711,12995113407.2335,12442036265.1484,13242691429.5942,14364937996.8661,13104764333.9941,14026048690.7312,15365714371.3316,17070866299.0945,17281815733.9596,17393761397.0805
GDP (current US$),NY.GDP.MKTP.CD,Malta,MLT,2547163582.33149,4069515579.07114,9638916481.06904,9462238211.48657,10551661176.7831,11626281387.0068,11091434483.5238,11721521912.7202,13221298307.8894,14864712990.1631,15215714309.0974,14647384607.604
GDP (current US$),NY.GDP.MKTP.CD,Marshall Islands,MHL,78476000,115347500,172188500,180436300,184840400,182142800,183814300,201510900,213204100,221588900,239462200,..
GDP (current US$),NY.GDP.MKTP.CD,Mauritania,MRT,1506914407.82331,1779523344.34106,6764635686.79345,6728208836.22143,7223063169.72749,6592537781.81518,6166857628.62212,6398744505.08129,6757333550.27933,7050987978.12063,7600650037.8463,7778525642.92883
GDP (current US$),NY.GDP.MKTP.CD,Mauritius,MUS,2653480001.34558,4663313620.01707,11518413429.9684,11668696526.2123,12129658758.3254,12803438964.9438,11692287066.381,12232469391.7573,13259348213.99,14181930162.4161,14046337854.8466,10914065306.2423
GDP (current US$),NY.GDP.MKTP.CD,Mexico,MEX,261253582805.945,707906744574.644,1180489601957.61,1201089987015.45,1274443084716.57,1315351183524.54,1171867608197.72,1078490651625.31,1158913035796.37,1222348807283.2,1268870527160.03,1076163316174.94
GDP (current US$),NY.GDP.MKTP.CD,"Micronesia, Fed. Sts.",FSM,147200000,233271800,311301600,327248700,317214400,319271200,316489900,332265200,366666800,401932300,408060600,..
GDP (current US$),NY.GDP.MKTP.CD,Moldova,MDA,..,1288429391.79951,8414360656.29632,8709165249.26928,9496684701.43325,9510219299.49557,7745231660.33425,8071480540.86068,9669759987.02633,11456728401.3069,11968699005.9801,11914040905.2626
GDP (current US$),NY.GDP.MKTP.CD,Monaco,MCO,2481316053.96507,2647885848.5351,6088808463.25167,5743029680.07195,6555983530.34932,7069616048.89066,6261622101.40908,6472990923.1791,6431314957.07185,7194024563.06094,7423709839.9194,..
GDP (current US$),NY.GDP.MKTP.CD,Mongolia,MNG,2560785660,1136896123.61298,10409797649.3063,12292770631.1967,12582122604.1921,12226514722.0861,11749620619.5962,11186734674.3847,11425755279.5395,13108769495.7472,13996719329.4236,13137128659.479
GDP (current US$),NY.GDP.MKTP.CD,Montenegro,MNE,..,984297589.359934,4544516982.18263,4087725812.66864,4466040642.84766,4594024179.62003,4054712082.54743,4377033429.26721,4856632399.45775,5506767831.83751,5542674764.89028,4778582336.18234
GDP (current US$),NY.GDP.MKTP.CD,Morocco,MAR,30180108561.9305,38857251336.3448,101370474295.109,98266306615.3632,106825649872.108,110081248587.369,101179808076.36,103311649248.024,109682728023.112,118096227400.092,119700325461.938,112870591694.044
GDP (current US$),NY.GDP.MKTP.CD,Mozambique,MOZ,..,5656473652.41147,14381552432.9494,16350804543.0515,16974320551.0213,17716084107.5888,15950969018.9458,11936999283.1791,13219084261.3664,14845870050.7092,15291448211.603,14021421105.9078
GDP (current US$),NY.GDP.MKTP.CD,Myanmar,MMR,..,4660052520.07839,54148124619.0983,53254531557.5056,58175459729.6908,59640204521.7773,60291736893.9397,61449392056.1488,67144725830.5753,68697759361.231,79844294296.0647,76185586096.7974
GDP (current US$),NY.GDP.MKTP.CD,Namibia,NAM,2789944497.95827,3922247984.63705,12523402326.9175,13042007432.3598,12043276401.4161,12435416063.4689,11335179560.987,10721994676.2429,12895153157.3463,13681065175.4861,12565772084.7441,10699926682.6513
GDP (current US$),NY.GDP.MKTP.CD,Nauru,NRU,..,..,66055407.6703145,96927201.4848422,98491843.6441982,104654365.188653,86779266.1619103,100087348.959092,109585941.624557,124021393.690412,118223430.124446,..
GDP (current US$),NY.GDP.MKTP.CD,Nepal,NPL,3627562402.66027,5494252207.90502,21621710002.5111,21703106502.4926,22162208956.0893,22731602969.6861,24360795410.1597,24524098184.4236,28971589213.134,33111525182.7133,34186180694.9285,33657175561.329
GDP (current US$),NY.GDP.MKTP.CD,Netherlands,NLD,318330511920.61,416442786069.652,904085980796.018,838971306990.906,876923518850.405,890981311077.658,765264949780.999,783528181704.567,831809944960.879,913597086062.599,910194347568.626,913865395789.886
GDP (current US$),NY.GDP.MKTP.CD,New Caledonia,NCL,2529310103.83608,2682347064.3642,..,..,..,..,..,..,..,..,..,..
GDP (current US$),NY.GDP.MKTP.CD,New Zealand,NZL,45495129385.0475,52623281956.7031,168291357111.739,176206659722.524,190906575136.003,201313497220.917,178064471137.921,188943457301.474,206950600690.395,212225726657.864,212891048340.608,210886315368.533
GDP (current US$),NY.GDP.MKTP.CD,Nicaragua,NIC,1009455483.87097,5107329007.0922,9774351930.71802,10532049076.9407,10982979274.1922,11880434070.7811,12756706583.3113,13286083644.8761,13785909906.1925,13025208219.7685,12611218627.0632,12621476263.8278
GDP (current US$),NY.GDP.MKTP.CD,Niger,NER,3512356353.0798,2241753120.21267,8772951261.81807,9426913349.22319,10224897934.722,10862944203.5591,9685577941.03195,10355006770.1014,11189541083.3975,12846952856.8458,12911689659.351,13678234008.4714
GDP (current US$),NY.GDP.MKTP.CD,Nigeria,NGA,54035795388.0915,69448756932.5833,404993594133.582,455501524575.498,508692961937.492,546676374567.721,486803295097.89,404650006428.613,375746469538.666,397190484464.308,448120428858.769,432293776262.398
GDP (current US$),NY.GDP.MKTP.CD,North Macedonia,MKD,4699646643.10954,3773653058.12718,10494822518.6525,9743277661.79541,10816616379.3103,11361563307.4935,10071243243.2432,10680463278.8651,11310265324.7941,12679934731.3891,12547086168.4896,12266949805.1436
GDP (current US$),NY.GDP.MKTP.CD,Northern Mariana Islands,MNP,..,..,729000000,746000000,772000000,832000000,910000000,1230000000,1560000000,1302000000,1182000000,..
GDP (current US$),NY.GDP.MKTP.CD,Norway,NOR,119791683307.507,171247131268.604,498283438454.281,509506317146.541,522761531914.894,498410050251.256,385801550067.169,368827142857.143,398393955268.99,436999692591.454,405510000000,362522347110.364
GDP (current US$),NY.GDP.MKTP.CD,Oman,OMN,11685045513.6541,19507452508.0656,67871907375.4484,76511069704.3228,78555622509.2653,80686929102.1927,68420257566.6036,65441278668.2947,70585606843.7797,79788768968.949,76331518668.5771,..
GDP (current US$),NY.GDP.MKTP.CD,Pakistan,PAK,40010423970.4576,82017743416.2841,213587413183.996,224383620829.57,231218567178.979,244360888750.807,270556131701.171,278654637737.69,304567253219.097,314567541558.339,278221906022.841,263686552686.208
GDP (current US$),NY.GDP.MKTP.CD,Palau,PLW,..,146297500,196911100,212397800,221117200,241669800,280457700,295065400,286106800,280435700,268354900,..
GDP (current US$),NY.GDP.MKTP.CD,Panama,PAN,6433967000,12304115000,34686200000,40429700000,45599900000,49921400000,54091800000,57907700000,62202700000,64928300000,66787900000,52938100000
GDP (current US$),NY.GDP.MKTP.CD,Papua New Guinea,PNG,3219730364.99623,3521339699.07407,17984910501.8979,21295659243.6168,21261432791.2675,23210682538.3928,21723531173.2409,20759069103.0961,22742613553.6879,24109509852.7402,24829107011.0701,23591523025.2864
GDP (current US$),NY.GDP.MKTP.CD,Paraguay,PRY,5812114523.02702,8855705139.55857,33756238766.5,33296438306.4747,38651334287.6732,40377987208.689,36211372702.8085,36089550659.0914,38997129473.5558,40225448340.6322,37906944074.6128,35304238230.1132
GDP (current US$),NY.GDP.MKTP.CD,Peru,PER,26410386669.3609,51744749133.213,171761737046.585,192648999090.082,201175469114.327,200789362451.567,189805300841.603,191895943823.887,211007207483.515,222574697255.522,228470919605.669,202014363787.233
GDP (current US$),NY.GDP.MKTP.CD,Philippines,PHL,44311593755.7845,83670261708.0014,234216930369.796,261920509950.555,283902728260.716,297483247101.038,306446140628.709,318626761492.867,328480867142.69,346842094174.513,376823278560.849,361489354350
GDP (current US$),NY.GDP.MKTP.CD,Poland,POL,65977749036.9844,172219461126.067,528301269069.799,498523568248.119,521016262734.924,542477096211.761,477811911394.084,472630364208.177,526508877305.321,587408980271.71,595862086928.211,594164690894.936
GDP (current US$),NY.GDP.MKTP.CD,Portugal,PRT,78713860216.5659,118310710337.203,244797226567.109,216236608773.976,226369502104.236,229596170846.995,199313894327.486,206286022781.894,220811110492.149,242194788533.537,239510770948.274,231226743398.402
GDP (current US$),NY.GDP.MKTP.CD,Puerto Rico,PRI,30603919000,61701800000,100351700000,101564800000,102450000000,102445800000,103375500000,104336700000,103445500000,100925000000,104914600000,103138300000
GDP (current US$),NY.GDP.MKTP.CD,Qatar,QAT,7360439423.07692,17759890109.8901,167775268614.037,186833502362.128,198727642979.297,206224598564.624,161739955577.748,151732181857.113,161099122215.307,183334953813.209,175837550996.185,146373588866.511
GDP (current US$),NY.GDP.MKTP.CD,Romania,ROU,38995454545.4545,37253259016.9976,183326740143.016,170635805316.879,190801346194.297,199959363430.073,177729210874.504,188128818486.401,211695422578.655,241457403085.042,249696854574.199,248715551366.635
GDP (current US$),NY.GDP.MKTP.CD,Russian Federation,RUS,516814274021.956,259710142196.943,2045925608274.37,2208295773643.15,2292473246621.08,2059241965490.83,1363481063446.77,1276786979221.81,1574199387070.9,1657328865709.99,1687448525466.61,1483497784867.6
GDP (current US$),NY.GDP.MKTP.CD,Rwanda,RWA,2550185618.14774,2067528500.40621,6881038269.61727,7650300319.83,7815599502.65683,8241332516.54991,8539048447.78065,8690485823.14546,9253098954.27769,9640280084.19572,10355974217.3735,10333991891.7032
GDP (current US$),NY.GDP.MKTP.CD,Samoa,WSM,125766269.755358,269019710.327456,737401692.217475,760549587.136028,770021663.967789,756919917.334022,788307330.55567,799376439.530168,832153612.557186,821496064.526185,852250190.985485,807027244.42138
GDP (current US$),NY.GDP.MKTP.CD,San Marino,SMR,..,1005159388.24397,1813752783.96437,1604779647.95066,1678841811.66158,1673973694.69908,1419394771.21029,1468377272.13859,1528630707.49794,1655300872.53427,1616369645.99635,..
GDP (current US$),NY.GDP.MKTP.CD,Sao Tome and Principe,STP,..,..,231489270.144529,250680845.747837,300554483.611626,346528329.183227,316066072.343754,345495614.979982,375614126.193877,412253809.728799,427425039.684339,472914469.91933
GDP (current US$),NY.GDP.MKTP.CD,Saudi Arabia,SAU,117630271802.48,189514926213.333,671238840106.667,735974843360,746647127413.333,756350347333.333,654269902880,644935541440,688586244293.333,786521831573.333,792966838160,700117873249.269
GDP (current US$),NY.GDP.MKTP.CD,Senegal,SEN,7390967034.67363,6046725378.19906,17814284622.1718,17660871725.9977,18918668644.1941,19797254643.1212,17774766636.0459,19040312815.1337,20996564751.5994,23116699808.1723,23306213742.3602,24910904235.857
GDP (current US$),NY.GDP.MKTP.CD,Serbia,SRB,..,6875845986.52121,49258136128.9672,43309252921.0567,48394239474.6762,47062206677.6539,39655958842.5478,40692643373.0327,44179055279.8887,50640650221.4622,51475016532.1293,52960134078.6888
GDP (current US$),NY.GDP.MKTP.CD,Seychelles,SYC,368584758.942457,614879764.780006,1065826669.89742,1060226125.62616,1328157608.83087,1343007845.04468,1377495054.04127,1426651768.82189,1524486800.36049,1586008999.74841,1581380268.64289,1124937500
GDP (current US$),NY.GDP.MKTP.CD,Sierra Leone,SLE,649644826.800447,635874002.198748,2942546781.04548,3801862611.36414,4920343194.99339,5015157815.73406,4218723875.1379,3674794530.18956,3739577973.23943,4085114794.22324,4121733705.29165,3865018882.89755
GDP (current US$),NY.GDP.MKTP.CD,Singapore,SGP,36144336768.7023,96074477958.2367,279351168707.267,295087220933.024,307576360584.992,314851156183.411,308004146057.608,318763807455.664,343337750742.27,375981539145.907,374386306993.109,339998477929.985
GDP (current US$),NY.GDP.MKTP.CD,Sint Maarten (Dutch part),SXM,..,..,936089385.47486,985865921.787709,1022905027.93296,1245251396.64804,1253072625.69832,1263687150.83799,1191620111.73184,1185474860.3352,..,..
GDP (current US$),NY.GDP.MKTP.CD,Slovak Republic,SVK,12747380650.0762,29169953012.7142,99122802874.1718,94534730680.6023,98848641554.6311,101189715749.374,88467555243.7256,89655253976.4258,95209466459.44,105474651206.555,105119160234.117,104574146248.364
GDP (current US$),NY.GDP.MKTP.CD,Slovenia,SVN,..,20289627636.6767,51516366654.8197,46580457470.2769,48401896808.3064,49930685013.4603,43090173394.6913,44736333522.4522,48469082710.3089,54137142149.4799,54178877605.9999,53589609580.7099
GDP (current US$),NY.GDP.MKTP.CD,Solomon Islands,SLB,214726352.42012,419933580.931046,1049952233.25874,1190994126.60431,1284698922.22785,1335538893.33315,1307061543.70981,1378551118.49224,1483758906.61054,1574599182.64697,1570215577.36071,1551245525.6045
GDP (current US$),NY.GDP.MKTP.CD,Somalia,SOM,917044228.012679,..,..,..,3892402684.75612,3963532302.4655,4048860871.41323,4198485403.87919,4508845348.32757,4720727283.20485,4942319040.69822,4917607582.22895
GDP (current US$),NY.GDP.MKTP.CD,South Africa,ZAF,115552349036.929,136361854808.496,416418874936.304,396332702639.496,366829390478.954,350904575292.317,317620522794.827,296357282715.109,349554116683.818,368288939768.322,351431649241.439,301923639269.552
GDP (current US$),NY.GDP.MKTP.CD,South Sudan,SSD,..,..,14907308932.7534,11931472169.4915,18426469016.9492,13962212847.4576,11997800760.2242,..,..,..,..,..
GDP (current US$),NY.GDP.MKTP.CD,Spain,ESP,536558591250.408,596877648793.072,1478772824224.03,1324820091194.67,1354757433212.72,1369398844599.58,1195119269971.52,1232076017361.53,1309297246509.31,1420300232663.59,1393046093137.25,1281484640043.58
GDP (current US$),NY.GDP.MKTP.CD,Sri Lanka,LKA,8032551173.24014,16330814179.9766,65292753005.4665,68434409315.1123,74317806538.3632,79356449840.5771,80604080688.5775,82401038709.5356,87421762728.6293,87954272082.1068,83975584254.4032,80706600228.6499
GDP (current US$),NY.GDP.MKTP.CD,St. Kitts and Nevis,KNA,217259259.259259,421695769.843918,817759259.259259,800414814.814815,839770370.37037,916566666.666667,923155555.555555,971170370.37037,996944444.444444,1010822222.22222,1044711111.11111,927451851.851852
GDP (current US$),NY.GDP.MKTP.CD,St. Lucia,LCA,579629629.62963,932592592.592592,1576988407.40741,1605146777.77778,1664816740.74074,1755130814.81481,1808079888.88889,1865375222.22222,1999090407.40741,2065875074.07407,2122450629.62963,1703364240.74074
GDP (current US$),NY.GDP.MKTP.CD,St. Martin (French part),MAF,..,..,..,..,..,..,..,..,..,..,..,..
GDP (current US$),NY.GDP.MKTP.CD,St. Vincent and the Grenadines,VCT,240366666.666667,396262962.962963,676129629.62963,692933333.333333,721207407.407407,727714814.814815,755400000,774429629.62963,792177777.777778,811300000,824718518.518518,809681481.481481
GDP (current US$),NY.GDP.MKTP.CD,Sudan,SDN,12408647540.9836,12257418326.0734,57892238677.5557,48243204173.7838,51215344066.2567,61731303935.2203,64458521787.0803,52804065669.9124,45017179069.0973,34522586970.0018,32250448249.4595,26110829190.4008
GDP (current US$),NY.GDP.MKTP.CD,Suriname,SUR,388400000,947671969.69697,4422276621.78703,4980000000,5145757575.75758,5240606060.60606,5126291450.81511,3317438910.83068,3591623596.03082,3996247906.19765,4221373022.25798,3807922874.48306
GDP (current US$),NY.GDP.MKTP.CD,Sweden,SWE,261846194498.885,262835454366.855,574094112972.733,552483727282.802,586841821796.891,581964017237.095,505103781349.757,515654671469.547,541018749769.097,555455371487.089,533879529188.454,541063604339.715
GDP (current US$),NY.GDP.MKTP.CD,Switzerland,CHE,265987061618.198,279841151705.353,722038242134.62,692109693986.886,712748124222.61,734396591036.932,702149580770.901,695600652899.283,704478516963.855,735539301552.674,731767398052.879,752248045730.11
GDP (current US$),NY.GDP.MKTP.CD,Syrian Arab Republic,SYR,12308624283.9787,19325894913.1254,..,..,..,..,..,..,..,..,..,..
GDP (current US$),NY.GDP.MKTP.CD,Tajikistan,TJK,2629395852.11903,860521119.298753,6522732202.50748,7633049792.09321,8448469837.53831,9112544556.05962,8271454300.59548,6992393787.40891,7536439875.08334,7765014424.33779,8300784856.87904,8194150301.78552
GDP (current US$),NY.GDP.MKTP.CD,Tanzania,TZA,4258743262.82876,13375976353.6994,34657139495.4031,39650530214.3287,45680532613.7591,49964788814.0926,47378599025.3044,49774021003.0748,53320625958.5628,57003713748.2316,61136873747.3324,62409748426.5824
GDP (current US$),NY.GDP.MKTP.CD,Thailand,THA,85343063965.9182,126392233706.79,370819140946.553,397558222957.17,420333203150.426,407339454060.678,401296437424.995,413366150655.591,456356961443.497,506611070188.362,544263968873.601,501794961925.244
GDP (current US$),NY.GDP.MKTP.CD,Timor-Leste,TLS,..,367087900,1054725400,1147779600,1395524600,1447311400,1594410800,1650608600,1599338100,1559894900,2017924900,1821000000
GDP (current US$),NY.GDP.MKTP.CD,Togo,TGO,1628427515.41881,1491891107.95711,3872459249.74631,3873308389.30006,4321655656.33177,4574986536.90791,4180866177.03946,6031632168.17391,6395472574.41445,7112200725.00232,7220395247.7424,7574635241.30191
GDP (current US$),NY.GDP.MKTP.CD,Tonga,TON,113563821.577404,204849612.592276,414523388.461329,470714083.426751,450643615.180528,439878828.008608,437006227.162781,420540178.571429,460379144.989821,489235527.395387,512350059.421629,..
GDP (current US$),NY.GDP.MKTP.CD,Trinidad and Tobago,TTO,5068000000,8154338232.95978,25433011405.3017,25763220107.0051,27268478564.5547,27615843098.0949,24959858249.4433,22386264807.3174,22385426653.883,23679919654.9891,23208326547.5327,21529824769.2969
GDP (current US$),NY.GDP.MKTP.CD,Tunisia,TUN,12290568181.8182,21473261837.0176,45810626509.4474,45044138549.2029,46251074044.439,47632390881.7812,43173531810.7667,41801284916.2011,39802554352.3188,39770478673.1648,39195716330.4253,39235672868.2722
GDP (current US$),NY.GDP.MKTP.CD,Turkey,TUR,150676291094.21,274302959053.103,838762755164.179,880556375779.51,957783020853.031,938952628604.067,864316670330.882,869692960365.551,858996263095.858,778377023568.884,761428183369.171,720101212394.114
GDP (current US$),NY.GDP.MKTP.CD,Turkmenistan,TKM,3189539641.31585,2904732773.48312,29233333333.3333,35164210526.3158,39197543859.6491,43524210526.3158,35799714285.7143,36169428571.4286,37926285714.2857,40765428571.4286,45231428571.4286,..
GDP (current US$),NY.GDP.MKTP.CD,Turks and Caicos Islands,TCA,..,..,728789600,727161000,754238000,841070000,942070000,1032452000,1022365000,1113178000,1197415000,924583000
GDP (current US$),NY.GDP.MKTP.CD,Tuvalu,TUV,8824447.74022325,13742057.0500928,38711810.2114492,37671774.6945537,37509075.1110253,37290607.5356048,35492074.2243257,36547799.583705,40619251.9926426,42588164.9731022,47271463.3298575,48855550.2030142
GDP (current US$),NY.GDP.MKTP.CD,Uganda,UGA,4304398865.88268,6193246837.09687,27752046902.446,27188667092.7781,28791625085.1143,32472362948.833,32248116472.5115,29078589751.4596,30744473839.7437,32912338571.3403,35170037380.863,37372032557.5944
GDP (current US$),NY.GDP.MKTP.CD,Ukraine,UKR,81456895543.3384,31261718319.1794,163159671670.265,175781379051.433,183310146378.081,133503411375.739,91030959454.6961,93355993628.5042,112190355158.178,130901858421.72,153929501862.341,155582008717.426
GDP (current US$),NY.GDP.MKTP.CD,United Arab Emirates,ARE,50701443748.2975,104337372362.151,350666031313.819,374590605854.323,390107556160.654,403137100068.074,358135057862.492,357045064669.843,385605506848.196,422215043594.282,421142267937.372,..
GDP (current US$),NY.GDP.MKTP.CD,United Kingdom,GBR,1093169389204.55,1658193372673.63,2659882040934.51,2704017284861.91,2783251090198.95,3065521109394.94,2932784751846.27,2693247611031.81,2662484018735.82,2857316524862.61,2830813507746.87,2707743777173.91
GDP (current US$),NY.GDP.MKTP.CD,United States,USA,5963144000000,10252345464000,15542581104000,16197007349000,16784849196000,17527163695000,18238300569000,18745075687000,19542979183000,20611860934000,21433224697000,20936600000000
GDP (current US$),NY.GDP.MKTP.CD,Uruguay,URY,9298839655.23138,22823255801.8447,47962439303.7247,51264390116.4909,57531233350.9101,57236013086.1223,53274304222.136,57236652490.1699,64233966861.2518,64515038268.1373,61231149880.5857,53628827440.3582
GDP (current US$),NY.GDP.MKTP.CD,Uzbekistan,UZB,13360607917.8773,13760513969.314,56516280748.3777,63628854498.5024,68997168337.6782,76658542757.4707,81847410181.7953,81779012350.8833,59159945320.5667,50392607758.2324,57726542784.9204,57707189945.4214
GDP (current US$),NY.GDP.MKTP.CD,Vanuatu,VUT,168879207.244148,272014693.050806,770153304.153832,747839697.746593,758304466.245339,772315721.265827,730870581.672312,780889605.899977,880043553.748442,914727908.137793,930337960.037478,854793640.145606
GDP (current US$),NY.GDP.MKTP.CD,"Venezuela, RB",VEN,48598315565.032,117140723529.412,316482190800.364,381286237847.667,371005379786.566,482359318767.703,..,..,..,..,..,..
GDP (current US$),NY.GDP.MKTP.CD,Vietnam,VNM,6471740805.56984,31172518403.3162,135539438559.709,155820001920.492,171222025117.381,186204652922.262,193241108709.536,205276172134.901,223779865815.183,245213686369.157,261921244843.172,271158442059.082
GDP (current US$),NY.GDP.MKTP.CD,Virgin Islands (U.S.),VIR,..,..,4239000000,4095000000,3762000000,3622000000,3748000000,3873000000,3893000000,3984000000,..,..
GDP (current US$),NY.GDP.MKTP.CD,West Bank and Gaza,PSE,..,4313600000,11186100000,12208400000,13515500000,13989700000,13972400000,15405400000,16128000000,16276600000,17133500000,15561300000
GDP (current US$),NY.GDP.MKTP.CD,"Yemen, Rep.",YEM,5647119229.00763,9652436179.64605,32726417212.348,35401341663.0425,40415235701.9871,43228585321.3272,42445102386.6049,30933825064.3657,26736138944.5558,23486269598.9858,..,..
GDP (current US$),NY.GDP.MKTP.CD,Zambia,ZMB,3285217391.30435,3600683039.73254,23459515275.5776,25503060420.026,28037239462.7142,27141023558.0829,21251216798.7762,20958412538.3093,25873601260.8353,26311637646.6539,23308688906.1288,19320053859.279
GDP (current US$),NY.GDP.MKTP.CD,Zimbabwe,ZWE,8783816700,6689957600,14101920300,17114849900,19091020000,19495519600,19963120600,20548678100,19015327919.1087,19523622341.6133,16932434838.6928,16768513442.6415
GDP (current US$),NY.GDP.MKTP.CD,Africa Eastern and Southern,AFE,212659048041.378,268315059658.707,898604749625.803,915590443628.772,930086422789.749,958824753165.022,895440123119.347,856991850399.316,964790654430.539,986610722363.102,980371628600.078,900828558644.124
GDP (current US$),NY.GDP.MKTP.CD,Africa Western and Central,AFW,121837737280.177,134150161633.262,658428249866.884,716935231751.071,807818949699.141,846943079513.473,757492080699.648,687484728475.586,680989095100.78,738131279381.973,792078923887.672,786584975143.582
GDP (current US$),NY.GDP.MKTP.CD,Arab World,ARB,596976029432.18,737027427052.167,2431646845883.11,2698853408392.94,2777414118114.53,2811487444798.5,2449468161380.59,2399526423318.97,2447378932516,2688052317702.15,2739884738173.77,2466014963189.59
GDP (current US$),NY.GDP.MKTP.CD,Caribbean small states,CSS,18011678551.9402,34218221475.4776,69668272158.708,72051116148.0838,73419211007.4915,74439627824.1491,73063500000.9803,69496735798.6131,71763156883.7707,75432216540.9218,76644400521.136,68415253068.2718
GDP (current US$),NY.GDP.MKTP.CD,Central Europe and the Baltics,CEB,256214716178.384,428019076855.417,1448607104373.49,1352494558109.02,1422043692905.78,1464683981873.01,1291919462660.06,1320428316220.46,1462808740378.38,1644035217822.91,1669911061179.76,1646520841111.14
GDP (current US$),NY.GDP.MKTP.CD,Early-demographic dividend,EAR,1819730852561.34,3284843408912.09,9545032514173.69,10009515831074.1,10192455189112.4,10544952265725.3,10031734819886.9,10266183156915.3,11093521096555.9,11151451759954.5,11468653630869.9,10556582339094.3
GDP (current US$),NY.GDP.MKTP.CD,East Asia & Pacific,EAS,4733640395421.5,8370953335223.96,19748940250149,21125846896365.6,21364177305473.4,22033661406211.6,21950700826846.9,22725056017844.1,24277603466953.7,26423494968648.6,26993294396977.4,27037637776708.5
GDP (current US$),NY.GDP.MKTP.CD,East Asia & Pacific (excluding high income),EAP,662277586722.575,1732344548547.7,9608251738783.07,10714042005323.9,11825908095611.5,12747603872580.8,13278535593051.4,13561295068501.1,14824735015347.2,16576160620809.5,17145147724009.6,17442981746025.6
GDP (current US$),NY.GDP.MKTP.CD,East Asia & Pacific (IDA & IBRD countries),TEA,661340614413.771,1729893674618.34,9595886477860.35,10700265350899.5,11810748348156.1,12731309124373.7,13261565445436.8,13543999977309.3,14805913863912.2,16555121218015.4,17123379371247.2,17420835248019.9
GDP (current US$),NY.GDP.MKTP.CD,Euro area,EMU,5881134125215.43,6479597984299.25,13618703408464.2,12636256386760.3,13188390441989.7,13488757333326.8,11667005182106.5,11962730074658.1,12644856658200.3,13692256054604.2,13406731505748.7,13011006176983.5
GDP (current US$),NY.GDP.MKTP.CD,Europe & Central Asia,ECS,8823550751247.19,10041028876589.4,23269736358264.4,22433576706508,23441894682469.6,23765016126237.1,20476945517513.9,20408870483196,21607011274167.8,23170422524927.1,22874770915251.3,22050903154725
GDP (current US$),NY.GDP.MKTP.CD,Europe & Central Asia (excluding high income),ECA,918088214185.128,699699778418.52,3843565605092.33,4074705077727.23,4329802436641.44,4041744187936.65,3094795378990.3,2961397287993.34,3326908116206.88,3421588877159.19,3491568511353.26,3217679452264.09
GDP (current US$),NY.GDP.MKTP.CD,Europe & Central Asia (IDA & IBRD countries),TEC,999752159769.984,893552998995.377,4434404725514.62,4629809465599.21,4909012768810.51,4641860872954,3622133037888.2,3485628799867.33,3908898637610.25,4070373079777.92,4148183187257.79,3868307068397.35
GDP (current US$),NY.GDP.MKTP.CD,European Union,EUU,6498775679176.25,7259991063589.65,15739675192326.8,14632995719073.7,15291541047021.6,15630816878646.3,13543603683313.3,13882410503293.1,14732244483041.8,15970405599565.5,15679044412298.7,15276468991757.4
GDP (current US$),NY.GDP.MKTP.CD,Fragile and conflict affected situations,FCS,432727518503.121,421142339921.825,1480160099400.76,1703438837143.35,1794297651205.19,1948555402820.26,1553606658973.16,1414670655618.9,1447333292847.54,1550300718748.63,1652849166239.89,1496610678341.43
GDP (current US$),NY.GDP.MKTP.CD,Heavily indebted poor countries (HIPC),HPC,139485086399.814,170010767937.784,548759419089.416,577667060734.894,643551331042.734,680011695193.58,667746683382.349,673542028325.985,719050454283.198,766785759715.446,791852360712.494,803820050460.283
GDP (current US$),NY.GDP.MKTP.CD,High income,HIC,18935770494893.6,27687948510631.9,49079640519268.1,49127640894746,49713141629460.9,50797622344549.6,48019945684087,49056829202581.9,51268665123111.5,54499762753285.6,54978160368569.1,53399410021972.3
GDP (current US$),NY.GDP.MKTP.CD,IBRD only,IBD,3584003974982.63,5833832943657.87,23644990415567.4,25141048332895,26562338492258.7,27471012811245.2,25745911251556.8,25955238424306.3,28649113919465.4,30417172243362,31121479923838.7,29806863405156.3
GDP (current US$),NY.GDP.MKTP.CD,IDA & IBRD total,IBT,3914367398266.02,6283551971020.7,25238350940176.9,26851876782898.6,28447806811665.5,29487167051454.5,27745319099212.2,27909414347962.6,30671659894340.3,32552463823820.9,33356383060100.1,32039039892660.7
GDP (current US$),NY.GDP.MKTP.CD,IDA blend,IDB,146299792605.762,206247566076.232,804375869723.147,889579521926.626,965831920125.884,1036807352387.7,999690354041.436,930903842237.04,919474226980.617,959604463467.898,987263626955.733,955550161950.502
GDP (current US$),NY.GDP.MKTP.CD,IDA only,IDX,181737540592.57,241805450084.567,788365799770.947,820393920094.172,919266768605.144,979133669766.752,999296364245.39,1023768658775.95,1104502310661.57,1177415280139.47,1250631795637.68,1281674351843.47
GDP (current US$),NY.GDP.MKTP.CD,IDA total,IDA,329016955997.38,449158160069.143,1592681814509.11,1710188828610.65,1885176371173.82,2016049640556.77,1998910233663.55,1953728475104.37,2022170626620.28,2134903713222.72,2234987907829.75,2233055554262.51
GDP (current US$),NY.GDP.MKTP.CD,Late-demographic dividend,LTE,2018401510243.61,3400948649670.91,16448934788875.8,17596379967793.5,18965335543033.4,19686702234079.1,18460523576708,18508529535002.5,20539793408236.7,22518480079503,22946196567115.1,22513184321976.2
GDP (current US$),NY.GDP.MKTP.CD,Latin America & Caribbean,LCN,1179229545995.12,2292011373348.64,6087109736035.46,6150482735239.89,6303075413750.13,6426707723032.07,5371072097322.16,5249073639480.42,5830001836277.09,5696061473289.08,5619246371905.89,4698073131921.55
GDP (current US$),NY.GDP.MKTP.CD,Latin America & Caribbean (excluding high income),LAC,1041181192766.1,1980848958476.75,5310229211102,5288327452642.47,5431239202702.66,5460163132683.33,4653088092007.6,4527157303795.28,5046523256120.21,4897955761446.68,4841640251322.17,4007837786207.94
GDP (current US$),NY.GDP.MKTP.CD,Latin America & the Caribbean (IDA & IBRD countries),TLA,1109291528864.82,2177510874333.03,5885324240937.12,5942622983733.29,6090301845617.56,6209426244963.11,5142762597848.5,5014350379376.01,5590141966247.53,5453955606483.93,5368514673719.44,4472403467136.17
GDP (current US$),NY.GDP.MKTP.CD,Least developed countries: UN classification,LDC,156109246910.1,215276830540.725,778014919561.828,819536770833.46,897682941917.138,969771719823.821,954060800664.878,953001836487.497,1041888572287.2,1077968208153.33,1133926935239.11,1132660428029.09
GDP (current US$),NY.GDP.MKTP.CD,Low & middle income,LMY,3770852873211.53,5900605561575.23,24097217719628.3,25669278877920.1,27238315649306.7,28167546674515.5,26748396713228.5,26911687583040.6,29564146766074.3,31342532960990.3,32157407017557.3,30889091414805
GDP (current US$),NY.GDP.MKTP.CD,Low income,LIC,86386662553.7614,105441376227.18,342002061912.368,352915088365.907,385641047597.556,417388815414.556,416929968006.705,394760541145.514,407779689173.554,421205946504.995,445915900690.436,458347280641.851
GDP (current US$),NY.GDP.MKTP.CD,Lower middle income,LMC,1028174706720.99,1498024214095.18,5906401101271.7,6195683414243.4,6307742047940.43,6561460119567.91,6439837796354.41,6722961960319.86,7241764591199.76,7336705281131.43,7729875233288.05,7328773718411.43
GDP (current US$),NY.GDP.MKTP.CD,Middle East & North Africa,MEA,783737688403.102,967888107396.751,3214219948010.52,3504776229358.72,3477530948490.76,3492401973684.8,3070020609913.13,3083559414724.28,3201453794582.53,3320223155751.01,3361817138404.6,3036299108268.23
GDP (current US$),NY.GDP.MKTP.CD,Middle East & North Africa (excluding high income),MNA,485733795068.504,453096167137.1,1503521149105.76,1659855102622.68,1553708186272.23,1528374744996.58,1370762283312.07,1392599427624.45,1373483275872.16,1286768905152.79,1310722409157.35,1165504287067.84
GDP (current US$),NY.GDP.MKTP.CD,Middle East & North Africa (IDA & IBRD countries),TMN,480761009912.821,448848543881.527,1492350305327.34,1647663974445.64,1540202488720.8,1514392570169.11,1356792287108.61,1377192779705.07,1357351197515.98,1270484927113.28,1293569208424.78,1149918296020.51
GDP (current US$),NY.GDP.MKTP.CD,Middle income,MIC,3683404794632.28,5795021107067.58,23754894612896.3,25315251676059.5,26852248108123.3,27750785274437.3,26333244714729.7,26516584318675.5,29153757737687.9,30917603112934.9,31709624259848.6,30433091189388.4
GDP (current US$),NY.GDP.MKTP.CD,North America,NAC,6558665950908.47,11000599098931.6,17342220425174.5,18031752018521.6,18637912373835,19339327561439.9,19801463926217.1,20279970339907.4,21199387143244.1,22340938595869.6,23182285203906,22587929519126.6
GDP (current US$),NY.GDP.MKTP.CD,Not classified,INX,..,..,..,..,..,..,..,..,..,..,..,..
GDP (current US$),NY.GDP.MKTP.CD,OECD members,OED,18798038983560.9,27609288317595.8,48592089323392,48560307542523.8,49205393442275.9,50238773096650.6,47438441798565.1,48368229650202,50463364633412.2,53423136713751.3,53924317752279.9,52220852937419.2
GDP (current US$),NY.GDP.MKTP.CD,Other small states,OSS,54434664574.9622,91409483919.227,396947594326.149,414191563935.588,432282786445.736,446800353031.599,370787330350.4,366437717961.658,399181155044.26,442936639671.291,433050138895.035,377228960530.482
GDP (current US$),NY.GDP.MKTP.CD,Pacific island small states,PSS,2351147698.57837,3444921946.76913,7713434654.21094,8187035163.22642,8498098714.23933,9226348805.80854,9019943659.00475,9453367093.78927,10213198744.5181,10648756157.9936,10637424277.5219,9170736596.47727
GDP (current US$),NY.GDP.MKTP.CD,Post-demographic dividend,PST,18349822431457.3,26375026171436.4,45761618697350.7,45710174806217.7,46158471449113.6,47107523159502.5,44613506150503.4,45632849219282.8,47556069807939.4,50442275275247.7,50928165333010.1,49447721864362.4
GDP (current US$),NY.GDP.MKTP.CD,Pre-demographic dividend,PRE,370719374758.283,271107919894.325,1183991710709.09,1298898556407.16,1423181153280.44,1500088259485.93,1321386712576.34,1213767006176.53,1267877174498.78,1334002792864.72,1401097820908.67,1304818830346.21
GDP (current US$),NY.GDP.MKTP.CD,Small states,SST,74735560374.1152,129062581161.791,474329301139.068,494429715246.898,514200096167.467,530466329661.557,452870774010.385,445387820854.06,481157510672.548,529017612370.207,520331963693.693,454965296431.502
GDP (current US$),NY.GDP.MKTP.CD,South Asia,SAS,407187416126.755,630429061929.228,2274545488716.22,2300183795624.87,2360023451695.2,2584551170321.86,2700207657238.33,2926348779932.11,3348219136908.6,3436884615713.16,3596914996945.22,3351519770520.79
GDP (current US$),NY.GDP.MKTP.CD,South Asia (IDA & IBRD),TSA,407187416126.755,630429061929.228,2274545488716.22,2300183795624.87,2360023451695.2,2584551170321.86,2700207657238.33,2926348779932.11,3348219136908.6,3436884615713.16,3596914996945.22,3351519770520.79
GDP (current US$),NY.GDP.MKTP.CD,Sub-Saharan Africa,SSF,334178550817.467,401137949024.626,1556615954672.5,1632257954947.55,1737904860485.46,1805783777895.64,1652908176497.07,1544135291254.56,1644606027669.93,1723896188075.27,1772107837946.02,1687597704644.75
GDP (current US$),NY.GDP.MKTP.CD,Sub-Saharan Africa (excluding high income),SSA,333810770553.931,400518868134.886,1555550553434.94,1631198370961.94,1736576705811.76,1804440816195.02,1651530551202.84,1542707329628.36,1643080103218.58,1722308773900.86,1770525429514.14,1686475026320.97
GDP (current US$),NY.GDP.MKTP.CD,Sub-Saharan Africa (IDA & IBRD countries),TSS,334178550817.466,401137949024.626,1556615954672.5,1632257954947.55,1737904860485.46,1805783777895.64,1652908176497.07,1544135291254.56,1644606027669.93,1723896188075.27,1772107837946.02,1687597704644.75
GDP (current US$),NY.GDP.MKTP.CD,Upper middle income,UMC,2660327922439.64,4297006190469.71,17848493511624.6,19119568261816.1,20544506060182.9,21189325154869.4,19893406918375.3,19793622358355.6,21911993146488.1,23580897831803.5,23979749026560.5,23104877770162.5
GDP (current US$),NY.GDP.MKTP.CD,World,WLD,22742108506622.8,33703527798327.7,73494092085870.2,75178612876726.5,77322543989117,79447626798478,75027409670667.4,76231927877306.2,81112442132495,86139293063112.2,87436705108244.6,84577962952008.3
,,,,,,,,,,,,,,,
,,,,,,,,,,,,,,,
,,,,,,,,,,,,,,,
Data from database: World Development Indicators,,,,,,,,,,,,,,,
Last Updated: 11/23/2021,,,,,,,,,,,,,,,
